Year;Afghanistan;Albania;Algeria;Andorra;Angola;Antigua and Barbuda;Argentina;Armenia;Aruba;Australia;Austria;Azerbaijan;The Bahamas;Bahrain;Bangladesh;Barbados;Belarus;Belgium;Belize;Benin;Bhutan;Bolivia;Bosnia and Herzegovina;Botswana;Brazil;Brunei Darussalam;Bulgaria;Burkina Faso;Burundi;Cabo Verde;Cambodia;Cameroon;Canada;Central African Republic;Chad;Chile;China;Colombia;Comoros;Democratic Republic of the Congo;Republic of Congo;Costa Rica;Côte d'Ivoire;Croatia;Cyprus;Czech Republic;Denmark;Djibouti;Dominica;Dominican Republic;Ecuador;Egypt;El Salvador;Equatorial Guinea;Eritrea;Estonia;Eswatini;Ethiopia;Fiji;Finland;France;Gabon;The Gambia;Georgia;Germany;Ghana;Greece;Grenada;Guatemala;Guinea;Guinea-Bissau;Guyana;Haiti;Honduras;Hong Kong SAR;Hungary;Iceland;India;Indonesia;Islamic Republic of Iran;Iraq;Ireland;Israel;Italy;Jamaica;Japan;Jordan;Kazakhstan;Kenya;Kiribati;Korea;Kosovo;Kuwait;Kyrgyz Republic;Lao P.D.R.;Latvia;Lebanon;Lesotho;Liberia;Libya;Lithuania;Luxembourg;Macao SAR;Madagascar;Malawi;Malaysia;Maldives;Mali;Malta;Marshall Islands;Mauritania;Mauritius;Mexico;Micronesia;Moldova;Mongolia;Montenegro;Morocco;Mozambique;Myanmar;Namibia;Nauru;Nepal;Netherlands;New Zealand;Nicaragua;Niger;Nigeria;North Macedonia;Norway;Oman;Pakistan;Palau;Panama;Papua New Guinea;Paraguay;Peru;Philippines;Poland;Portugal;Puerto Rico;Qatar;Romania;Russia;Rwanda;Samoa;San Marino;São Tomé and Príncipe;Saudi Arabia;Senegal;Serbia;Seychelles;Sierra Leone;Singapore;Slovak Republic;Slovenia;Solomon Islands;Somalia;South Africa;South Sudan;Spain;Sri Lanka;St. Kitts and Nevis;St. Lucia;St. Vincent and the Grenadines;Sudan;Suriname;Sweden;Switzerland;Syria;Taiwan Province of China;Tajikistan;Tanzania;Thailand;Timor-Leste;Togo;Tonga;Trinidad and Tobago;Tunisia;Türkiye;Turkmenistan;Tuvalu;Uganda;Ukraine;United Arab Emirates;United Kingdom;United States;Uruguay;Uzbekistan;Vanuatu;Venezuela;Vietnam;West Bank and Gaza;Yemen;Zambia;Zimbabwe
2010; 24.269,000 ; 2.913,000 ; 35.978,000 ; 0.07 ; 23.013,000 ; 0.085 ; 40.788,000 ; 2.966,000 ; 0.102 ; 22.172,000 ; 8.361,000 ; 8.998,000 ; 0.345 ; 1.235,000 ; 147.575,000 ; 0.28 ; 9.496,000 ; 10.84 ; 0.322 ; 9.199,000 ; 0.667 ; 10.03 ; 3.704,000 ; 1.987,000 ; 194.891,000 ; 0.387 ; 7.505,000 ; 15.605,000 ; 8.776,000 ; 0.502 ; 14.251,000 ; 20.341,000 ; 33.958,000 ; 4.35 ; 11.952,000 ; 17.064,000 ; 1,340.91 ; 44.086,000 ; 0.687 ; 65.939,000 ; 3.657,000 ; 4.554,000 ; 20.855,000 ; 4.295,000 ; 0.819 ; 10.462,000 ; 5.535,000 ; 0.84 ; 0.071 ; 9.479,000 ; 15.012,000 ; 78.7 ; 6.184,000 ; 0.951 ; 3.17 ; 1.331,000 ; 1.041,000 ; 82.912,000 ; 0.849 ; 5.351,000 ; 62.765,000 ; 1.61 ; 1.793,000 ; 3.8 ; 80.285,000 ; 24.659,000 ; 11.119,000 ; 0.106 ; 14.63 ; 10.876,000 ; 1.46 ; 0.753 ; 10.085,000 ; 8.317,000 ; 7.052,000 ; 10.014,000 ; 0.318 ; 1,234.28 ; 237.641,000 ; 74.157,000 ; 30.962,000 ; 4.568,000 ; 7.621,000 ; 59.69 ; 2.696,000 ; 127.594,000 ; 7.262,000 ; 16.441,000 ; 38.6 ; 0.103 ; 49.554,000 ; 1.775,000 ; 3.582,000 ; 5.418,000 ; 6.249,000 ; 2.121,000 ; 4.953,000 ; 1.928,000 ; 3.891,000 ; 6.041,000 ; 3.097,000 ; 0.502 ; 0.552 ; 20.262,000 ; 15.714,000 ; 28.589,000 ; 0.32 ; 15.049,000 ; 0.414 ; 0.053 ; 3.285,000 ; 1.25 ; 113.749,000 ; 0.103 ; 2.873,000 ; 2.761,000 ; 0.619 ; 32.182,000 ; 23.532,000 ; 49.159,000 ; 2.085,000 ; 0.01 ; 27.013,000 ; 16.575,000 ; 4.353,000 ; 5.843,000 ; 16.464,000 ; 158.503,000 ; 2.057,000 ; 4.908,000 ; 2.998,000 ; 177.61 ; 0.018 ; 3.662,000 ; 6.684,000 ; 6.266,000 ; 29.462,000 ; 93.14 ; 38.023,000 ; 10.573,000 ; 3.722,000 ; 1.715,000 ; 20.295,000 ; 142.865,000 ; 10,000 ; 0.186 ; 0.031 ; 0.175 ; 27.563,000 ; 12.678,000 ; 7.291,000 ; 0.09 ; 6.416,000 ; 5.077,000 ; 5.39 ; 2.047,000 ; 0.528 ;; 51.329,000 ;; 46.562,000 ; 20.262,000 ; 0.051 ; 0.166 ; 0.109 ; 40.134,000 ; 0.531 ; 9.416,000 ; 7.786,000 ; 21.393,000 ; 23.162,000 ; 7.642,000 ; 43.06 ; 67.195,000 ; 1.094,000 ; 6.422,000 ; 0.103 ; 1.328,000 ; 10.64 ; 73.723,000 ; 5.087,000 ; 0.01 ; 30.521,000 ; 45.598,000 ; 8.264,000 ; 62.76 ; 309.737,000 ; 3.397,000 ; 28.001,000 ; 0.24 ; 28.524,000 ; 87.968,000 ; 4.023,000 ; 23.607,000 ; 13.917,000 ; 12.34 
2011; 25.031,000 ; 2.905,000 ; 36.717,000 ; 0.07 ; 23.703,000 ; 0.086 ; 41.261,000 ; 2.968,000 ; 0.103 ; 22.522,000 ; 8.389,000 ; 9.111,000 ; 0.348 ; 1.195,000 ; 149.274,000 ; 0.281 ; 9.472,000 ; 11.001,000 ; 0.332 ; 9.461,000 ; 0.675 ; 10.19 ; 3.66 ; 2.015,000 ; 196.604,000 ; 0.393 ; 7.327,000 ; 16.082,000 ; 9.048,000 ; 0.508 ; 14.406,000 ; 20.906,000 ; 34.298,000 ; 4.419,000 ; 12.361,000 ; 17.254,000 ; 1,349.16 ; 44.553,000 ; 0.705 ; 68.087,000 ; 3.749,000 ; 4.613,000 ; 21.397,000 ; 4.281,000 ; 0.84 ; 10.487,000 ; 5.561,000 ; 0.854 ; 0.07 ; 9.58 ; 15.266,000 ; 80.5 ; 6.211,000 ; 0.994 ; 3.214,000 ; 1.327,000 ; 1.048,000 ; 84.238,000 ; 0.853 ; 5.375,000 ; 63.07 ; 1.671,000 ; 1.848,000 ; 3.774,000 ; 80.276,000 ; 25.261,000 ; 11.123,000 ; 0.107 ; 14.949,000 ; 11.162,000 ; 1.492,000 ; 0.756 ; 10.248,000 ; 8.481,000 ; 7.11 ; 9.986,000 ; 0.318 ; 1,250.29 ; 241.991,000 ; 75.15 ; 31.76 ; 4.585,000 ; 7.763,000 ; 59.948,000 ; 2.703,000 ; 127.831,000 ; 7.663,000 ; 16.674,000 ; 39.5 ; 0.105 ; 49.937,000 ; 1.78 ; 3.697,000 ; 5.478,000 ; 6.348,000 ; 2.075,000 ; 5.202,000 ; 1.941,000 ; 4.017,000 ; 5.923,000 ; 3.028,000 ; 0.512 ; 0.557 ; 20.872,000 ; 16.166,000 ; 29.062,000 ; 0.325 ; 15.515,000 ; 0.415 ; 0.053 ; 3.369,000 ; 1.252,000 ; 115.367,000 ; 0.103 ; 2.873,000 ; 2.812,000 ; 0.62 ; 32.579,000 ; 24.188,000 ; 49.521,000 ; 2.116,000 ; 0.01 ; 27.041,000 ; 16.656,000 ; 4.386,000 ; 5.916,000 ; 17.115,000 ; 162.805,000 ; 2.06 ; 4.973,000 ; 3.295,000 ; 181.31 ; 0.018 ; 3.724,000 ; 7.047,000 ; 6.363,000 ; 29.798,000 ; 94.7 ; 38.063,000 ; 10.558,000 ; 3.679,000 ; 1.733,000 ; 20.199,000 ; 143.056,000 ; 10.2 ; 0.187 ; 0.032 ; 0.179 ; 28.376,000 ; 13.034,000 ; 7.237,000 ; 0.087 ; 6.563,000 ; 5.184,000 ; 5.392,000 ; 2.05 ; 0.542 ;; 52.129,000 ; 10.449,000 ; 46.736,000 ; 20.398,000 ; 0.052 ; 0.167 ; 0.109 ; 32.661,000 ; 0.54 ; 9.483,000 ; 7.87 ;; 23.225,000 ; 7.816,000 ; 44.348,000 ; 67.518,000 ; 1.113,000 ; 6.596,000 ; 0.103 ; 1.336,000 ; 10.761,000 ; 74.724,000 ; 5.174,000 ; 0.011 ; 31.537,000 ; 45.453,000 ; 8.394,000 ; 63.285,000 ; 311.944,000 ; 3.413,000 ; 29.123,000 ; 0.245 ; 28.944,000 ; 87.86 ; 4.125,000 ; 24.252,000 ; 14.344,000 ; 12.459,000 
2012; 25.864,000 ; 2.9 ; 37.495,000 ; 0.07 ; 24.414,000 ; 0.087 ; 41.733,000 ; 2.97 ; 0.105 ; 22.928,000 ; 8.426,000 ; 9.235,000 ; 0.352 ; 1.209,000 ; 151.008,000 ; 0.282 ; 9.451,000 ; 11.076,000 ; 0.341 ; 9.729,000 ; 0.683 ; 10.35 ; 3.605,000 ; 2.04 ; 198.315,000 ; 0.399 ; 7.285,000 ; 16.571,000 ; 9.329,000 ; 0.514 ; 14.561,000 ; 21.485,000 ; 34.665,000 ; 4.436,000 ; 12.785,000 ; 17.443,000 ; 1,359.22 ; 45.002,000 ; 0.724 ; 70.291,000 ; 3.843,000 ; 4.673,000 ; 21.954,000 ; 4.268,000 ; 0.862 ; 10.505,000 ; 5.581,000 ; 0.868 ; 0.069 ; 9.681,000 ; 15.521,000 ; 82.5 ; 6.238,000 ; 1.039,000 ; 3.25 ; 1.323,000 ; 1.056,000 ; 85.586,000 ; 0.858 ; 5.401,000 ; 63.376,000 ; 1.735,000 ; 1.905,000 ; 3.739,000 ; 80.426,000 ; 25.867,000 ; 11.086,000 ; 0.107 ; 15.271,000 ; 11.451,000 ; 1.525,000 ; 0.758 ; 10.413,000 ; 8.641,000 ; 7.171,000 ; 9.932,000 ; 0.32 ; 1,265.78 ; 245.425,000 ; 76.038,000 ; 32.578,000 ; 4.605,000 ; 7.907,000 ; 60.105,000 ; 2.71 ; 127.552,000 ; 8.09 ; 16.91 ; 40.4 ; 0.106 ; 50.2 ; 1.816,000 ; 3.807,000 ; 5.552,000 ; 6.445,000 ; 2.045,000 ; 5.538,000 ; 1.954,000 ; 4.136,000 ; 6.283,000 ; 2.988,000 ; 0.525 ; 0.582 ; 21.501,000 ; 16.632,000 ; 29.51 ; 0.331 ; 15.979,000 ; 0.418 ; 0.053 ; 3.454,000 ; 1.256,000 ; 116.936,000 ; 0.103 ; 2.873,000 ; 2.868,000 ; 0.621 ; 32.978,000 ; 24.863,000 ; 49.909,000 ; 2.155,000 ; 0.01 ; 26.989,000 ; 16.73 ; 4.411,000 ; 6.094,000 ; 17.795,000 ; 167.229,000 ; 2.062,000 ; 5.038,000 ; 3.623,000 ; 185.04 ; 0.018 ; 3.788,000 ; 7.431,000 ; 6.461,000 ; 30.136,000 ; 96.25 ; 38.064,000 ; 10.515,000 ; 3.634,000 ; 1.833,000 ; 20.096,000 ; 143.347,000 ; 10.5 ; 0.189 ; 0.032 ; 0.183 ; 29.196,000 ; 13.402,000 ; 7.201,000 ; 0.088 ; 6.713,000 ; 5.312,000 ; 5.404,000 ; 2.055,000 ; 0.556 ; 11.846,000 ; 52.93 ; 10.818,000 ; 46.766,000 ; 20.425,000 ; 0.053 ; 0.169 ; 0.109 ; 35.056,000 ; 0.542 ; 9.556,000 ; 7.955,000 ;; 23.316,000 ; 7.995,000 ; 45.688,000 ; 67.836,000 ; 1.133,000 ; 6.774,000 ; 0.103 ; 1.345,000 ; 10.887,000 ; 75.627,000 ; 5.268,000 ; 0.011 ; 32.548,000 ; 45.373,000 ; 8.526,000 ; 63.705,000 ; 314.167,000 ; 3.426,000 ; 29.555,000 ; 0.251 ; 29.365,000 ; 88.809,000 ; 4.226,000 ; 24.91 ; 14.787,000 ; 13.061,000 
2013; 26.736,000 ; 2.895,000 ; 38.297,000 ; 0.07 ; 25.147,000 ; 0.088 ; 42.203,000 ; 2.98 ; 0.106 ; 23.298,000 ; 8.477,000 ; 9.357,000 ; 0.356 ; 1.253,000 ; 152.765,000 ; 0.283 ; 9.442,000 ; 11.138,000 ; 0.35 ; 10.005,000 ; 0.692 ; 10.51 ; 3.531,000 ; 2.063,000 ; 200.004,000 ; 0.403 ; 7.246,000 ; 17.073,000 ; 9.618,000 ; 0.52 ; 14.716,000 ; 22.077,000 ; 35.034,000 ; 4.448,000 ; 13.22 ; 17.612,000 ; 1,367.26 ; 45.435,000 ; 0.744 ; 72.553,000 ; 3.939,000 ; 4.733,000 ; 22.524,000 ; 4.256,000 ; 0.866 ; 10.516,000 ; 5.603,000 ; 0.883 ; 0.07 ; 9.785,000 ; 15.775,000 ; 84.6 ; 6.266,000 ; 1.084,000 ; 3.281,000 ; 1.318,000 ; 1.063,000 ; 86.955,000 ; 0.862 ; 5.427,000 ; 63.698,000 ; 1.803,000 ; 1.964,000 ; 3.718,000 ; 80.646,000 ; 26.479,000 ; 11.004,000 ; 0.108 ; 15.596,000 ; 11.745,000 ; 1.559,000 ; 0.761 ; 10.579,000 ; 8.799,000 ; 7.211,000 ; 9.909,000 ; 0.322 ; 1,280.84 ; 248.818,000 ; 77.016,000 ; 33.417,000 ; 4.631,000 ; 8.056,000 ; 60.277,000 ; 2.713,000 ; 127.333,000 ; 8.519,000 ; 17.161,000 ; 41.4 ; 0.108 ; 50.429,000 ; 1.821,000 ; 3.892,000 ; 5.663,000 ; 6.541,000 ; 2.024,000 ; 5.913,000 ; 1.967,000 ; 4.248,000 ; 6.266,000 ; 2.958,000 ; 0.537 ; 0.608 ; 22.148,000 ; 17.111,000 ; 30.214,000 ; 0.336 ; 16.45 ; 0.423 ; 0.054 ; 3.537,000 ; 1.259,000 ; 118.454,000 ; 0.103 ; 2.871,000 ; 2.93 ; 0.621 ; 33.378,000 ; 25.561,000 ; 50.324,000 ; 2.196,000 ; 0.011 ; 26.917,000 ; 16.78 ; 4.447,000 ; 6.158,000 ; 18.504,000 ; 171.766,000 ; 2.066,000 ; 5.096,000 ; 3.855,000 ; 188.78 ; 0.017 ; 3.851,000 ; 7.593,000 ; 6.559,000 ; 30.475,000 ; 97.79 ; 38.063,000 ; 10.457,000 ; 3.593,000 ; 2.004,000 ; 20.02 ; 143.667,000 ; 10.7 ; 0.191 ; 0.032 ; 0.187 ; 29.994,000 ; 13.782,000 ; 7.167,000 ; 0.09 ; 6.864,000 ; 5.399,000 ; 5.411,000 ; 2.059,000 ; 0.571 ; 12.178,000 ; 53.751,000 ; 11.177,000 ; 46.593,000 ; 20.585,000 ; 0.053 ; 0.171 ; 0.109 ; 36.164,000 ; 0.55 ; 9.645,000 ; 8.039,000 ;; 23.374,000 ; 8.178,000 ; 47.076,000 ; 68.145,000 ; 1.153,000 ; 6.955,000 ; 0.103 ; 1.354,000 ; 11.015,000 ; 76.668,000 ; 5.366,000 ; 0.011 ; 33.51 ; 45.246,000 ; 8.661,000 ; 64.106,000 ; 316.331,000 ; 3.44 ; 29.994,000 ; 0.257 ; 29.786,000 ; 89.76 ; 4.328,000 ; 25.576,000 ; 15.246,000 ; 13.43 
2014; 27.601,000 ; 2.889,000 ; 39.114,000 ; 0.071 ; 25.901,000 ; 0.089 ; 42.67 ; 2.985,000 ; 0.107 ; 23.64 ; 8.544,000 ; 9.477,000 ; 0.36 ; 1.315,000 ; 154.52 ; 0.283 ; 9.444,000 ; 11.181,000 ; 0.359 ; 10.287,000 ; 0.7 ; 10.67 ; 3.526,000 ; 2.089,000 ; 201.718,000 ; 0.408 ; 7.202,000 ; 17.586,000 ; 9.907,000 ; 0.526 ; 14.871,000 ; 22.682,000 ; 35.392,000 ; 4.464,000 ; 13.664,000 ; 17.788,000 ; 1,376.46 ; 45.866,000 ; 0.764 ; 74.877,000 ; 4.037,000 ; 4.793,000 ; 23.11 ; 4.238,000 ; 0.858 ; 10.512,000 ; 5.627,000 ; 0.899 ; 0.07 ; 9.883,000 ; 16.027,000 ; 86.8 ; 6.295,000 ; 1.129,000 ; 3.311,000 ; 1.315,000 ; 1.071,000 ; 88.347,000 ; 0.866 ; 5.451,000 ; 64.028,000 ; 1.868,000 ; 2.024,000 ; 3.717,000 ; 80.983,000 ; 27.092,000 ; 10.927,000 ; 0.109 ; 15.923,000 ; 12.044,000 ; 1.593,000 ; 0.764 ; 10.746,000 ; 8.956,000 ; 7.253,000 ; 9.877,000 ; 0.326 ; 1,295.60 ; 252.165,000 ; 77.97 ; 35,000 ; 4.667,000 ; 8.212,000 ; 60.346,000 ; 2.716,000 ; 127.12 ; 8.919,000 ; 17.416,000 ; 42.4 ; 0.109 ; 50.747,000 ; 1.805,000 ; 4.039,000 ; 5.777,000 ; 6.64 ; 2.001,000 ; 6.261,000 ; 1.98 ; 4.36 ; 6.259,000 ; 2.932,000 ; 0.55 ; 0.636 ; 22.814,000 ; 17.604,000 ; 30.709,000 ; 0.342 ; 16.934,000 ; 0.429 ; 0.054 ; 3.621,000 ; 1.261,000 ; 119.936,000 ; 0.104 ; 2.869,000 ; 2.996,000 ; 0.622 ; 33.77 ; 26.286,000 ; 50.758,000 ; 2.238,000 ; 0.012 ; 26.906,000 ; 16.829,000 ; 4.52 ; 6.222,000 ; 19.24 ; 176.405,000 ; 2.069,000 ; 5.156,000 ; 3.992,000 ; 192.57 ; 0.017 ; 3.913,000 ; 7.756,000 ; 6.657,000 ; 30.814,000 ; 99.31 ; 38.018,000 ; 10.401,000 ; 3.535,000 ; 2.216,000 ; 19.953,000 ; 146.267,000 ; 11,000 ; 0.192 ; 0.033 ; 0.191 ; 30.34 ; 14.175,000 ; 7.132,000 ; 0.091 ; 7.017,000 ; 5.47 ; 5.416,000 ; 2.061,000 ; 0.587 ; 12.519,000 ; 54.574,000 ; 11.531,000 ; 46.455,000 ; 20.778,000 ; 0.054 ; 0.173 ; 0.11 ; 37.289,000 ; 0.559 ; 9.747,000 ; 8.14 ;; 23.434,000 ; 8.363,000 ; 48.511,000 ; 68.439,000 ; 1.174,000 ; 7.138,000 ; 0.102 ; 1.362,000 ; 11.144,000 ; 77.696,000 ; 5.466,000 ; 0.011 ; 34.477,000 ; 42.76 ; 8.799,000 ; 64.597,000 ; 318.619,000 ; 3.454,000 ; 30.493,000 ; 0.263 ; 30.206,000 ; 90.729,000 ; 4.429,000 ; 26.246,000 ; 15.721,000 ; 13.778,000 
2015; 28.425,000 ; 2.881,000 ; 39.963,000 ; 0.072 ; 26.681,000 ; 0.091 ; 43.132,000 ; 2.99 ; 0.108 ; 23.985,000 ; 8.63 ; 9.593,000 ; 0.364 ; 1.37 ; 156.256,000 ; 0.284 ; 9.453,000 ; 11.237,000 ; 0.368 ; 10.576,000 ; 0.713 ; 10.83 ; 3.518,000 ; 2.121,000 ; 203.476,000 ; 0.412 ; 7.154,000 ; 18.111,000 ; 10.204,000 ; 0.533 ; 15.026,000 ; 23.298,000 ; 35.678,000 ; 4.493,000 ; 14.111,000 ; 17.971,000 ; 1,383.26 ; 46.314,000 ; 0.785 ; 77.267,000 ; 4.138,000 ; 4.851,000 ; 23.711,000 ; 4.204,000 ; 0.847 ; 10.538,000 ; 5.66 ; 0.914 ; 0.071 ; 9.98 ; 16.279,000 ; 89,000 ; 6.325,000 ; 1.175,000 ; 3.343,000 ; 1.315,000 ; 1.078,000 ; 89.76 ; 0.869 ; 5.472,000 ; 64.301,000 ; 1.93 ; 2.086,000 ; 3.722,000 ; 81.687,000 ; 27.707,000 ; 10.858,000 ; 0.11 ; 16.252,000 ; 12.345,000 ; 1.628,000 ; 0.767 ; 10.912,000 ; 9.113,000 ; 7.31 ; 9.856,000 ; 0.329 ; 1,310.15 ; 255.588,000 ; 78.94 ; 35.213,000 ; 4.714,000 ; 8.377,000 ; 60.295,000 ; 2.719,000 ; 126.978,000 ; 9.267,000 ; 17.67 ; 43.3 ; 0.111 ; 51.015,000 ; 1.772,000 ; 4.183,000 ; 5.895,000 ; 6.741,000 ; 1.986,000 ; 6.533,000 ; 1.994,000 ; 4.472,000 ; 6.322,000 ; 2.905,000 ; 0.563 ; 0.647 ; 23.501,000 ; 18.111,000 ; 31.186,000 ; 0.348 ; 17.439,000 ; 0.44 ; 0.054 ; 3.706,000 ; 1.263,000 ; 121.348,000 ; 0.104 ; 2.845,000 ; 3.058,000 ; 0.622 ; 34.125,000 ; 27.042,000 ; 51.199,000 ; 2.281,000 ; 0.012 ; 27.015,000 ; 16.901,000 ; 4.613,000 ; 6.287,000 ; 20.002,000 ; 181.137,000 ; 2.071,000 ; 5.205,000 ; 4.159,000 ; 196.37 ; 0.018 ; 3.975,000 ; 7.92 ; 6.756,000 ; 31.152,000 ; 100.83 ; 38.006,000 ; 10.358,000 ; 3.474,000 ; 2.438,000 ; 19.876,000 ; 146.545,000 ; 11.3 ; 0.194 ; 0.033 ; 0.196 ; 31.062,000 ; 14.578,000 ; 7.095,000 ; 0.093 ; 7.172,000 ; 5.535,000 ; 5.421,000 ; 2.063,000 ; 0.603 ; 12.87 ; 55.407,000 ; 11.882,000 ; 46.41 ; 20.97 ; 0.054 ; 0.174 ; 0.11 ; 38.435,000 ; 0.567 ; 9.851,000 ; 8.238,000 ;; 23.492,000 ; 8.549,000 ; 49.989,000 ; 68.715,000 ; 1.196,000 ; 7.323,000 ; 0.102 ; 1.37 ; 11.274,000 ; 78.741,000 ; 5.565,000 ; 0.011 ; 35.492,000 ; 42.591,000 ; 8.939,000 ; 65.11 ; 320.926,000 ; 3.467,000 ; 31.023,000 ; 0.269 ; 30.62 ; 91.713,000 ; 4.53 ; 26.916,000 ; 16.212,000 ; 14.009,000 
2016; 29.2 ; 2.876,000 ; 40.836,000 ; 0.073 ; 27.503,000 ; 0.092 ; 43.59 ; 2.993,000 ; 0.109 ; 24.386,000 ; 8.74 ; 9.706,000 ; 0.368 ; 1.424,000 ; 157.971,000 ; 0.285 ; 9.469,000 ; 11.311,000 ; 0.378 ; 10.872,000 ; 0.722 ; 10.99 ; 3.511,000 ; 2.16 ; 205.157,000 ; 0.417 ; 7.102,000 ; 18.646,000 ; 10.53 ; 0.54 ; 15.181,000 ; 23.927,000 ; 36.052,000 ; 4.538,000 ; 14.562,000 ; 18.167,000 ; 1,392.32 ; 46.83 ; 0.806 ; 79.801,000 ; 4.241,000 ; 4.909,000 ; 24.327,000 ; 4.174,000 ; 0.848 ; 10.554,000 ; 5.707,000 ; 0.929 ; 0.071 ; 10.075,000 ; 16.529,000 ; 91,000 ; 6.356,000 ; 1.221,000 ; 3.377,000 ; 1.316,000 ; 1.086,000 ; 91.196,000 ; 0.877 ; 5.487,000 ; 64.469,000 ; 1.98 ; 2.149,000 ; 3.729,000 ; 82.349,000 ; 28.324,000 ; 10.784,000 ; 0.11 ; 16.583,000 ; 12.654,000 ; 1.664,000 ; 0.773 ; 11.078,000 ; 9.273,000 ; 7.378,000 ; 9.83 ; 0.333 ; 1,324.52 ; 258.497,000 ; 79.926,000 ; 36.169,000 ; 4.771,000 ; 8.543,000 ; 60.164,000 ; 2.722,000 ; 126.96 ; 9.554,000 ; 17.918,000 ; 44.3 ; 0.113 ; 51.218,000 ; 1.784,000 ; 4.329,000 ; 6.019,000 ; 6.846,000 ; 1.969,000 ; 6.714,000 ; 2.007,000 ; 4.587,000 ; 6.385,000 ; 2.868,000 ; 0.576 ; 0.645 ; 24.209,000 ; 18.632,000 ; 31.634,000 ; 0.354 ; 17.965,000 ; 0.45 ; 0.054 ; 3.794,000 ; 1.264,000 ; 122.715,000 ; 0.104 ; 2.824,000 ; 3.12 ; 0.622 ; 34.487,000 ; 27.83 ; 51.633,000 ; 2.324,000 ; 0.013 ; 27.263,000 ; 16.979,000 ; 4.717,000 ; 6.353,000 ; 20.789,000 ; 185.96 ; 2.074,000 ; 5.252,000 ; 4.414,000 ; 200.19 ; 0.018 ; 4.037,000 ; 8.085,000 ; 6.855,000 ; 31.489,000 ; 102.53 ; 37.967,000 ; 10.326,000 ; 3.411,000 ; 2.618,000 ; 19.761,000 ; 146.804,000 ; 11.5 ; 0.195 ; 0.033 ; 0.2 ; 31.788,000 ; 14.994,000 ; 7.058,000 ; 0.094 ; 7.329,000 ; 5.607,000 ; 5.426,000 ; 2.064,000 ; 0.619 ; 13.23 ; 56.252,000 ; 12.231,000 ; 46.45 ; 21.203,000 ; 0.055 ; 0.176 ; 0.11 ; 39.599,000 ; 0.576 ; 9.995,000 ; 8.327,000 ;; 23.54 ; 8.735,000 ; 51.51 ; 68.971,000 ; 1.219,000 ; 7.51 ; 0.101 ; 1.378,000 ; 11.403,000 ; 79.815,000 ; 5.642,000 ; 0.011 ; 36.561,000 ; 42.415,000 ; 9.121,000 ; 65.648,000 ; 323.221,000 ; 3.48 ; 31.575,000 ; 0.272 ; 30.714,000 ; 92.695,000 ; 4.632,000 ; 27.584,000 ; 16.717,000 ; 14.228,000 
2017; 29.7 ; 2.884,000 ; 41.721,000 ; 0.075 ; 28.377,000 ; 0.094 ; 44.045,000 ; 2.979,000 ; 0.109 ; 24.761,000 ; 8.815,000 ; 9.81 ; 0.372 ; 1.501,000 ; 159.671,000 ; 0.286 ; 9.47 ; 11.352,000 ; 0.388 ; 11.175,000 ; 0.731 ; 11.15 ; 3.504,000 ; 2.205,000 ; 206.805,000 ; 0.43 ; 7.05 ; 19.193,000 ; 10.867,000 ; 0.546 ; 15.336,000 ; 24.566,000 ; 36.495,000 ; 4.596,000 ; 15.017,000 ; 18.419,000 ; 1,400.11 ; 47.419,000 ; 0.828 ; 82.417,000 ; 4.347,000 ; 4.966,000 ; 24.96 ; 4.125,000 ; 0.855 ; 10.579,000 ; 5.749,000 ; 0.944 ; 0.069 ; 10.169,000 ; 16.777,000 ; 95.2 ; 6.388,000 ; 1.268,000 ; 3.413,000 ; 1.317,000 ; 1.093,000 ; 92.656,000 ; 0.885 ; 5.503,000 ; 64.639,000 ; 2.025,000 ; 2.214,000 ; 3.726,000 ; 82.657,000 ; 28.94 ; 10.768,000 ; 0.111 ; 16.92 ; 12.97 ; 1.7 ; 0.778 ; 11.245,000 ; 9.436,000 ; 7.415,000 ; 9.798,000 ; 0.338 ; 1,338.68 ; 261.356,000 ; 81.07 ; 37.14 ; 4.825,000 ; 8.71 ; 60.067,000 ; 2.726,000 ; 126.746,000 ; 9.786,000 ; 18.157,000 ; 45.4 ; 0.114 ; 51.362,000 ; 1.799,000 ; 4.438,000 ; 6.14 ; 6.953,000 ; 1.95 ; 6.819,000 ; 2.021,000 ; 4.702,000 ; 6.448,000 ; 2.828,000 ; 0.591 ; 0.653 ; 24.937,000 ; 19.169,000 ; 32.023,000 ; 0.36 ; 18.512,000 ; 0.46 ; 0.054 ; 3.881,000 ; 1.265,000 ; 124.042,000 ; 0.104 ; 2.78 ; 3.178,000 ; 0.622 ; 34.852,000 ; 28.649,000 ; 52.05 ; 2.369,000 ; 0.013 ; 27.633,000 ; 17.082,000 ; 4.815,000 ; 6.419,000 ; 21.602,000 ; 190.873,000 ; 2.075,000 ; 5.29 ; 4.56 ; 205.17 ; 0.018 ; 4.098,000 ; 8.254,000 ; 6.954,000 ; 31.826,000 ; 104.17 ; 37.973,000 ; 10.3 ; 3.3 ; 2.725,000 ; 19.644,000 ; 146.88 ; 11.8 ; 0.195 ; 0.033 ; 0.204 ; 32.613,000 ; 15.419,000 ; 7.021,000 ; 0.094 ; 7.488,000 ; 5.612,000 ; 5.435,000 ; 2.066,000 ; 0.636 ; 13.6 ; 57.098,000 ; 12.585,000 ; 46.533,000 ; 21.444,000 ; 0.055 ; 0.177 ; 0.11 ; 40.783,000 ; 0.583 ; 10.12 ; 8.42 ;; 23.571,000 ; 8.921,000 ; 53.074,000 ; 69.21 ; 1.243,000 ; 7.698,000 ; 0.101 ; 1.384,000 ; 11.532,000 ; 80.811,000 ; 5.71 ; 0.011 ; 37.674,000 ; 42.217,000 ; 9.304,000 ; 66.04 ; 325.28 ; 3.493,000 ; 32.121,000 ; 0.279 ; 30.442,000 ; 93.672,000 ; 4.733,000 ; 28.25 ; 17.238,000 ; 14.437,000 
2018; 31.6 ; 2.883,000 ; 42.578,000 ; 0.076 ; 29.25 ; 0.095 ; 44.495,000 ; 2.969,000 ; 0.109 ; 25.151,000 ; 8.885,000 ; 9.898,000 ; 0.377 ; 1.503,000 ; 161.356,000 ; 0.286 ; 9.448,000 ; 11.399,000 ; 0.396 ; 11.49 ; 0.735 ; 11.31 ; 3.496,000 ; 2.254,000 ; 208.495,000 ; 0.442 ; 7,000 ; 19.751,000 ; 11.193,000 ; 0.544 ; 15.491,000 ; 25.216,000 ; 37.003,000 ; 4.666,000 ; 15.478,000 ; 18.751,000 ; 1,405.41 ; 48.258,000 ; 0.851 ; 85.12 ; 4.456,000 ; 5.022,000 ; 25.609,000 ; 4.088,000 ; 0.864 ; 10.61 ; 5.781,000 ; 0.959 ; 0.07 ; 10.266,000 ; 17.023,000 ; 97.1 ; 6.421,000 ; 1.314,000 ; 3.453,000 ; 1.322,000 ; 1.104,000 ; 94.138,000 ; 0.89 ; 5.513,000 ; 64.844,000 ; 2.053,000 ; 2.28 ; 3.73 ; 82.906,000 ; 29.555,000 ; 10.741,000 ; 0.111 ; 17.265,000 ; 13.294,000 ; 1.738,000 ; 0.782 ; 11.412,000 ; 9.602,000 ; 7.488,000 ; 9.778,000 ; 0.348 ; 1,352.64 ; 264.162,000 ; 82.084,000 ; 38.124,000 ; 4.886,000 ; 8.879,000 ; 59.938,000 ; 2.731,000 ; 126.495,000 ; 9.965,000 ; 18.396,000 ; 46.5 ; 0.116 ; 51.585,000 ; 1.796,000 ; 4.622,000 ; 6.257,000 ; 7.061,000 ; 1.934,000 ; 6.859,000 ; 2.034,000 ; 4.819,000 ; 6.513,000 ; 2.802,000 ; 0.602 ; 0.667 ; 25.674,000 ; 19.721,000 ; 32.382,000 ; 0.366 ; 19.078,000 ; 0.476 ; 0.055 ; 3.97 ; 1.266,000 ; 125.328,000 ; 0.104 ; 2.73 ; 3.238,000 ; 0.622 ; 35.22 ; 29.424,000 ; 52.449,000 ; 2.414,000 ; 0.013 ; 28.096,000 ; 17.181,000 ; 4.902,000 ; 6.485,000 ; 22.443,000 ; 195.875,000 ; 2.077,000 ; 5.324,000 ; 4.602,000 ; 209.75 ; 0.018 ; 4.159,000 ; 8.426,000 ; 7.053,000 ; 32.162,000 ; 105.76 ; 37.977,000 ; 10.284,000 ; 3.2 ; 2.76 ; 19.534,000 ; 146.781,000 ; 12.091,000 ; 0.196 ; 0.033 ; 0.209 ; 33.414,000 ; 15.854,000 ; 6.983,000 ; 0.095 ; 7.65 ; 5.639,000 ; 5.443,000 ; 2.067,000 ; 0.653 ; 13.981,000 ; 57.939,000 ; 12.976,000 ; 46.729,000 ; 21.67 ; 0.056 ; 0.179 ; 0.111 ; 41.985,000 ; 0.59 ; 10.23 ; 8.484,000 ;; 23.589,000 ; 9.107,000 ; 54.68 ; 69.428,000 ; 1.268,000 ; 7.889,000 ; 0.1 ; 1.39 ; 11.659,000 ; 82.004,000 ; 5.77 ; 0.011 ; 38.823,000 ; 41.984,000 ; 9.367,000 ; 66.436,000 ; 327.023,000 ; 3.506,000 ; 32.657,000 ; 0.285 ; 28.903,000 ; 94.666,000 ; 4.854,000 ; 28.915,000 ; 17.773,000 ; 14.642,000 
2019; 32.2 ; 2.881,000 ; 43.424,000 ; 0.078 ; 30.128,000 ; 0.096 ; 44.939,000 ; 2.963,000 ; 0.109 ; 25.527,000 ; 8.859,000 ; 9.982,000 ; 0.381 ; 1.484,000 ; 163.046,000 ; 0.287 ; 9.429,000 ; 11.456,000 ; 0.408 ; 11.814,000 ; 0.738 ; 11.47 ; 3.491,000 ; 2.304,000 ; 210.147,000 ; 0.46 ; 6.951,000 ; 20.321,000 ; 11.529,000 ; 0.55 ; 15.6 ; 25.876,000 ; 37.54 ; 4.745,000 ; 15.947,000 ; 19.107,000 ; 1,410.08 ; 49.396,000 ; 0.874 ; 87.911,000 ; 4.568,000 ; 5.075,000 ; 26.275,000 ; 4.065,000 ; 0.876 ; 10.65 ; 5.806,000 ; 0.974 ; 0.072 ; 10.358,000 ; 17.268,000 ; 98.9 ; 6.454,000 ; 1.36 ; 3.497,000 ; 1.327,000 ; 1.115,000 ; 95.644,000 ; 0.895 ; 5.518,000 ; 65.097,000 ; 2.08 ; 2.349,000 ; 3.724,000 ; 83.093,000 ; 30.168,000 ; 10.725,000 ; 0.112 ; 17.616,000 ; 13.627,000 ; 1.776,000 ; 0.785 ; 11.578,000 ; 9.77 ; 7.521,000 ; 9.773,000 ; 0.357 ; 1,366.42 ; 266.912,000 ; 83.075,000 ; 39.115,000 ; 4.949,000 ; 9.051,000 ; 59.817,000 ; 2.734,000 ; 126.221,000 ; 10.102,000 ; 18.632,000 ; 47.6 ; 0.118 ; 51.765,000 ; 1.782,000 ; 4.776,000 ; 6.389,000 ; 7.169,000 ; 1.92 ; 6.856,000 ; 2.048,000 ; 4.937,000 ; 6.578,000 ; 2.794,000 ; 0.614 ; 0.68 ; 26.525,000 ; 20.289,000 ; 32.523,000 ; 0.372 ; 19.658,000 ; 0.494 ; 0.055 ; 4.058,000 ; 1.265,000 ; 126.578,000 ; 0.104 ; 2.682,000 ; 3.297,000 ; 0.622 ; 35.587,000 ; 30.286,000 ; 52.832,000 ; 2.459,000 ; 0.013 ; 28.609,000 ; 17.282,000 ; 4.986,000 ; 6.553,000 ; 23.311,000 ; 200.964,000 ; 2.076,000 ; 5.357,000 ; 4.618,000 ; 213.95 ; 0.018 ; 4.219,000 ; 8.601,000 ; 7.153,000 ; 33.162,000 ; 107.29 ; 37.973,000 ; 10.286,000 ; 3.2 ; 2.799,000 ; 19.426,000 ; 146.749,000 ; 12.376,000 ; 0.197 ; 0.034 ; 0.213 ; 34.218,000 ; 16.296,000 ; 6.964,000 ; 0.096 ; 7.813,000 ; 5.704,000 ; 5.45 ; 2.081,000 ; 0.67 ; 14.373,000 ; 58.775,000 ; 13.378,000 ; 47.105,000 ; 21.803,000 ; 0.057 ; 0.18 ; 0.111 ; 43.222,000 ; 0.598 ; 10.328,000 ; 8.545,000 ;; 23.603,000 ; 9.292,000 ; 56.322,000 ; 69.626,000 ; 1.293,000 ; 8.084,000 ; 0.1 ; 1.395,000 ; 11.783,000 ; 83.155,000 ; 5.939,000 ; 0.011 ; 39.823,000 ; 41.733,000 ; 9.504,000 ; 66.797,000 ; 328.547,000 ; 3.519,000 ; 33.256,000 ; 0.292 ; 27.817,000 ; 96.484,000 ; 4.977,000 ; 29.58 ; 18.321,000 ; 14.905,000 
2020; 32.941,000 ; 2.878,000 ; 43.851,000 ; 0.078 ; 31.031,000 ; 0.098 ; 45.388,000 ; 2.962,000 ; 0.109 ; 25.639,000 ; 8.901,000 ; 10.067,000 ; 0.385 ; 1.472,000 ; 164.689,000 ; 0.288 ; 9.41 ; 11.522,000 ; 0.421 ; 12.146,000 ; 0.745 ; 11.63 ; 3.487,000 ; 2.352,000 ; 211.756,000 ; 0.454 ; 6.917,000 ; 20.912,000 ; 11.875,000 ; 0.557 ; 15.678,000 ; 26.546,000 ; 37.995,000 ; 4.83 ; 16.426,000 ; 19.458,000 ; 1,412.12 ; 50.372,000 ; 0.897 ; 90.794,000 ; 4.682,000 ; 5.128,000 ; 26.958,000 ; 4.048,000 ; 0.888 ; 10.694,000 ; 5.823,000 ; 0.988 ; 0.073 ; 10.448,000 ; 17.511,000 ; 100.6 ; 6.486,000 ; 1.406,000 ; 3.546,000 ; 1.33 ; 1.127,000 ; 97.175,000 ; 0.9 ; 5.525,000 ; 65.284,000 ; 2.108,000 ; 2.419,000 ; 3.717,000 ; 83.161,000 ; 30.779,000 ; 10.719,000 ; 0.113 ; 17.974,000 ; 13.967,000 ; 1.815,000 ; 0.787 ; 11.743,000 ; 9.942,000 ; 7.427,000 ; 9.77 ; 0.364 ; 1,380.00 ; 270.204,000 ; 84.038,000 ; 40.132,000 ; 4.993,000 ; 9.214,000 ; 59.641,000 ; 2.737,000 ; 125.849,000 ; 10.203,000 ; 18.877,000 ; 48.693,000 ; 0.119 ; 51.836,000 ; 1.798,000 ; 4.671,000 ; 6.517,000 ; 7.276,000 ; 1.908,000 ; 6.825,000 ; 2.062,000 ; 5.058,000 ; 6.644,000 ; 2.795,000 ; 0.626 ; 0.683 ; 27.34 ; 20.873,000 ; 32.584,000 ; 0.378 ; 20.249,000 ; 0.515 ; 0.055 ; 4.147,000 ; 1.266,000 ; 127.792,000 ; 0.105 ; 2.634,000 ; 3.358,000 ; 0.621 ; 35.952,000 ; 31.178,000 ; 53.199,000 ; 2.504,000 ; 0.013 ; 29.137,000 ; 17.408,000 ; 5.086,000 ; 6.496,000 ; 24.207,000 ; 206.14 ; 2.069,000 ; 5.385,000 ; 4.445,000 ; 218.24 ; 0.018 ; 4.279,000 ; 8.781,000 ; 7.253,000 ; 33.494,000 ; 108.77 ; 37.958,000 ; 10.297,000 ; 3.159,000 ; 2.684,000 ; 19.329,000 ; 146.171,000 ; 12.665,000 ; 0.198 ; 0.034 ; 0.218 ; 35.013,000 ; 16.744,000 ; 6.927,000 ; 0.097 ; 7.977,000 ; 5.686,000 ; 5.458,000 ; 2.096,000 ; 0.685 ; 14.775,000 ; 59.622,000 ; 13.779,000 ; 47.356,000 ; 21.919,000 ; 0.057 ; 0.181 ; 0.111 ; 44.345,000 ; 0.603 ; 10.379,000 ; 8.606,000 ;; 23.561,000 ; 9.475,000 ; 58.001,000 ; 69.8 ; 1.318,000 ; 8.285,000 ; 0.1 ; 1.399,000 ; 11.903,000 ; 83.614,000 ; 6.061,000 ; 0.011 ; 41.222,000 ; 41.403,000 ; 9.89 ; 67.081,000 ; 331.234,000 ; 3.531,000 ; 33.905,000 ; 0.302 ; 27.951,000 ; 97.583,000 ; 5.101,000 ; 30.245,000 ; 18.882,000 ; 15.189,000 
2021;; 2.873,000 ; 44.462,000 ; 0.08 ; 31.962,000 ; 0.099 ; 45.842,000 ; 2.962,000 ; 0.109 ; 25.767,000 ; 8.946,000 ; 10.119,000 ; 0.389 ; 1.487,000 ; 166.657,000 ; 0.289 ; 9.35 ; 11.555,000 ; 0.43 ; 12.487,000 ; 0.753 ; 11.8 ; 3.481,000 ; 2.401,000 ; 212.609,000 ; 0.43 ; 6.839,000 ; 21.521,000 ; 12.231,000 ; 0.563 ; 15.835,000 ; 27.224,000 ; 38.226,000 ; 4.92 ; 16.915,000 ; 19.718,000 ; 1,412.60 ; 51.049,000 ; 0.921 ; 93.751,000 ; 4.799,000 ; 5.18 ; 27.659,000 ; 4.034,000 ; 0.896 ; 10.495,000 ; 5.84 ; 1.002,000 ; 0.074 ; 10.54 ; 17.757,000 ; 102.1 ; 6.519,000 ; 1.452,000 ; 3.601,000 ; 1.331,000 ; 1.139,000 ; 99.701,000 ; 0.905 ; 5.534,000 ; 65.447,000 ; 2.135,000 ; 2.492,000 ; 3.729,000 ; 83.196,000 ; 31.394,000 ; 10.679,000 ; 0.113 ; 18.34 ; 14.317,000 ; 1.855,000 ; 0.789 ; 11.906,000 ; 10.117,000 ; 7.403,000 ; 9.731,000 ; 0.369 ; 1,393.41 ; 272.249,000 ; 84.841,000 ; 41.176,000 ; 5.039,000 ; 9.367,000 ; 59.236,000 ; 2.74 ; 125.507,000 ; 10.269,000 ; 19.126,000 ; 49.801,000 ; 0.122 ; 51.736,000 ; 1.769,000 ; 4.736,000 ; 6.654,000 ; 7.379,000 ; 1.893,000 ;; 2.087,000 ; 5.18 ; 6.71 ; 2.803,000 ; 0.635 ; 0.683 ; 28.178,000 ; 21.474,000 ; 32.7 ; 0.384 ; 20.858,000 ; 0.516 ; 0.055 ; 4.24 ; 1.264,000 ; 128.972,000 ; 0.105 ; 2.587,000 ; 3.41 ; 0.622 ; 36.313,000 ; 32.077,000 ; 53.55 ; 2.55 ; 0.013 ; 29.656,000 ; 17.475,000 ; 5.112,000 ; 6.539,000 ; 25.131,000 ; 211.401,000 ; 2.069,000 ; 5.415,000 ; 4.527,000 ; 222.59 ; 0.018 ; 4.337,000 ; 8.964,000 ; 7.353,000 ; 33.829,000 ; 110.2 ; 37.84 ; 10.292,000 ; 3.121,000 ; 2.618,000 ; 19.202,000 ; 145.558,000 ; 12.957,000 ; 0.2 ; 0.034 ; 0.223 ; 35.459,000 ; 17.204,000 ; 6.872,000 ; 0.098 ; 8.141,000 ; 5.454,000 ; 5.46 ; 2.109,000 ; 0.7 ; 15.189,000 ; 60.143,000 ; 14.179,000 ; 47.399,000 ; 22.156,000 ; 0.058 ; 0.182 ; 0.111 ; 45.498,000 ; 0.61 ; 10.452,000 ; 8.67 ;; 23.375,000 ; 9.657,000 ; 59.73 ; 69.951,000 ; 1.344,000 ; 8.49 ; 0.1 ; 1.407,000 ; 12.019,000 ; 84.68 ; 6.152,000 ; 0.011 ; 42.46 ; 41.077,000 ; 10.187,000 ; 67.351,000 ; 332.183,000 ; 3.543,000 ; 34.559,000 ; 0.312 ; 27.586,000 ; 98.499,000 ; 5.227,000 ; 30.911,000 ; 19.456,000 ; 15.492,000 
2022;; 2.866,000 ; 45.082,000 ; 0.081 ; 32.921,000 ; 0.101 ; 46.3 ; 2.963,000 ; 0.109 ; 25.973,000 ; 8.99 ; 10.241,000 ; 0.394 ; 1.518,000 ; 168.52 ; 0.289 ; 9.303,000 ; 11.651,000 ; 0.439 ; 12.838,000 ; 0.76 ; 11.96 ; 3.473,000 ; 2.45 ; 213.911,000 ; 0.43 ; 6.798,000 ; 22.147,000 ; 12.598,000 ; 0.57 ; 15.993,000 ; 27.912,000 ; 38.743,000 ; 5.017,000 ; 17.414,000 ; 19.923,000 ; 1,412.55 ; 51.609,000 ; 0.955 ; 96.801,000 ; 4.919,000 ; 5.232,000 ; 28.378,000 ; 4.006,000 ; 0.904 ; 10.522,000 ; 5.885,000 ; 1.016,000 ; 0.074 ; 10.632,000 ; 18.006,000 ; 104.142,000 ; 6.551,000 ; 1.498,000 ; 3.662,000 ; 1.331,000 ; 1.151,000 ; 101.296,000 ; 0.91 ; 5.538,000 ; 65.629,000 ; 2.161,000 ; 2.567,000 ; 3.718,000 ; 83.292,000 ; 32.082,000 ; 10.635,000 ; 0.114 ; 18.713,000 ; 14.674,000 ; 1.896,000 ; 0.792 ; 12.065,000 ; 10.294,000 ; 7.412,000 ; 9.727,000 ; 0.374 ; 1,406.63 ; 274.859,000 ; 85.69 ; 42.246,000 ; 5.085,000 ; 9.523,000 ; 59.186,000 ; 2.743,000 ; 125.171,000 ; 10.301,000 ; 19.355,000 ; 50.924,000 ; 0.124 ; 51.626,000 ; 1.767,000 ; 4.815,000 ; 6.795,000 ; 7.481,000 ; 1.889,000 ;; 2.112,000 ; 5.305,000 ; 6.777,000 ; 2.831,000 ; 0.643 ; 0.697 ; 28.961,000 ; 22.093,000 ; 33.114,000 ; 0.391 ; 21.486,000 ; 0.521 ; 0.056 ; 4.334,000 ; 1.262,000 ; 130.118,000 ; 0.105 ; 2.541,000 ; 3.461,000 ; 0.622 ; 36.67 ; 32.97 ; 53.886,000 ; 2.597,000 ; 0.013 ; 30.185,000 ; 17.595,000 ; 5.133,000 ; 6.607,000 ; 26.084,000 ; 216.747,000 ; 2.069,000 ; 5.448,000 ; 4.629,000 ; 227.027,000 ; 0.018 ; 4.395,000 ; 9.151,000 ; 7.454,000 ; 34.167,000 ; 111.651,000 ; 37.654,000 ; 10.271,000 ; 3.087,000 ; 2.671,000 ; 19.2 ; 145.452,000 ; 13.254,000 ; 0.201 ; 0.034 ; 0.227 ; 36.168,000 ; 17.676,000 ; 6.844,000 ; 0.099 ; 8.309,000 ; 5.334,000 ; 5.467,000 ; 2.11 ; 0.715 ; 15.614,000 ; 61.06 ; 14.59 ; 47.603,000 ; 22.396,000 ; 0.058 ; 0.183 ; 0.111 ; 46.681,000 ; 0.617 ; 10.715,000 ; 8.735,000 ;; 23.334,000 ; 9.836,000 ; 61.51 ; 70.078,000 ; 1.369,000 ; 8.7 ; 0.1 ; 1.414,000 ; 12.129,000 ; 85.682,000 ; 6.24 ; 0.011 ; 43.734,000 ;; 10.544,000 ; 67.596,000 ; 333.005,000 ; 3.555,000 ; 35.271,000 ; 0.323 ; 26.917,000 ; 99.403,000 ; 5.35 ; 31.576,000 ; 20.043,000 ; 15.817,000 
2023;; 2.858,000 ; 45.71 ; 0.083 ; 33.909,000 ; 0.102 ; 46.763,000 ; 2.963,000 ; 0.11 ; 26.284,000 ; 9.035,000 ; 10.363,000 ; 0.398 ; 1.549,000 ; 170.279,000 ; 0.29 ; 9.257,000 ; 11.722,000 ; 0.448 ; 13.198,000 ; 0.767 ; 12.13 ; 3.464,000 ; 2.501,000 ; 215.157,000 ; 0.43 ; 6.757,000 ; 22.791,000 ; 12.976,000 ; 0.577 ; 16.153,000 ; 28.608,000 ; 39.315,000 ; 5.119,000 ; 17.921,000 ; 20.113,000 ; 1,411.96 ; 52.156,000 ; 0.991 ; 99.948,000 ; 5.042,000 ; 5.285,000 ; 29.116,000 ; 3.983,000 ; 0.912 ; 10.541,000 ; 5.934,000 ; 1.03 ; 0.074 ; 10.725,000 ; 18.259,000 ; 106.225,000 ; 6.584,000 ; 1.544,000 ; 3.728,000 ; 1.33 ; 1.163,000 ; 102.917,000 ; 0.915 ; 5.54 ; 65.814,000 ; 2.187,000 ; 2.644,000 ; 3.707,000 ; 83.355,000 ; 32.902,000 ; 10.591,000 ; 0.114 ; 19.094,000 ; 15.041,000 ; 1.937,000 ; 0.794 ; 12.227,000 ; 10.475,000 ; 7.432,000 ; 9.724,000 ; 0.38 ; 1,419.66 ; 277.432,000 ; 86.547,000 ; 43.345,000 ; 5.132,000 ; 9.681,000 ; 59.147,000 ; 2.747,000 ; 124.621,000 ; 10.312,000 ; 19.578,000 ; 52.062,000 ; 0.126 ; 51.556,000 ; 1.765,000 ; 4.895,000 ; 6.931,000 ; 7.581,000 ; 1.886,000 ;; 2.138,000 ; 5.432,000 ; 6.845,000 ; 2.831,000 ; 0.652 ; 0.709 ; 29.766,000 ; 22.729,000 ; 33.527,000 ; 0.397 ; 22.131,000 ; 0.525 ; 0.056 ; 4.43 ; 1.262,000 ; 131.23 ; 0.105 ; 2.496,000 ; 3.512,000 ; 0.622 ; 37.022,000 ; 33.897,000 ; 54.205,000 ; 2.644,000 ; 0.014 ; 30.723,000 ; 17.695,000 ; 5.174,000 ; 6.676,000 ; 27.066,000 ; 222.182,000 ; 2.069,000 ; 5.48 ; 4.777,000 ; 231.552,000 ; 0.018 ; 4.453,000 ; 9.342,000 ; 7.555,000 ; 34.509,000 ; 113.095,000 ; 37.609,000 ; 10.248,000 ; 3.056,000 ; 2.617,000 ; 19.199,000 ; 145.275,000 ; 13.554,000 ; 0.202 ; 0.034 ; 0.232 ; 36.891,000 ; 18.162,000 ; 6.817,000 ; 0.1 ; 8.48 ; 5.292,000 ; 5.473,000 ; 2.114,000 ; 0.731 ; 16.051,000 ; 61.991,000 ; 15.013,000 ; 47.799,000 ; 22.638,000 ; 0.059 ; 0.184 ; 0.111 ; 47.895,000 ; 0.624 ; 10.814,000 ; 8.801,000 ;; 23.32 ; 10.013,000 ; 63.343,000 ; 70.183,000 ; 1.395,000 ; 8.915,000 ; 0.1 ; 1.421,000 ; 12.235,000 ; 86.675,000 ; 6.326,000 ; 0.011 ; 45.046,000 ;; 10.755,000 ; 67.844,000 ; 333.902,000 ; 3.567,000 ; 35.977,000 ; 0.334 ; 26.54 ; 100.285,000 ; 5.474,000 ; 32.239,000 ; 20.643,000 ; 16.164,000 
2024;; 2.85 ; 46.347,000 ; 0.084 ; 34.926,000 ; 0.104 ; 47.231,000 ; 2.963,000 ; 0.11 ; 26.626,000 ; 9.08 ; 10.488,000 ; 0.402 ; 1.58 ; 172.019,000 ; 0.291 ; 9.21 ; 11.733,000 ; 0.457 ; 13.569,000 ; 0.775 ; 12.29 ; 3.455,000 ; 2.553,000 ; 216.347,000 ; 0.43 ; 6.717,000 ; 23.454,000 ; 13.365,000 ; 0.584 ; 16.315,000 ; 29.315,000 ; 39.85 ; 5.227,000 ; 18.437,000 ; 20.297,000 ; 1,410.84 ; 52.691,000 ; 1.027,000 ; 103.197,000 ; 5.168,000 ; 5.338,000 ; 29.873,000 ; 3.962,000 ; 0.921 ; 10.551,000 ; 5.957,000 ; 1.043,000 ; 0.075 ; 10.819,000 ; 18.516,000 ; 108.349,000 ; 6.617,000 ; 1.59 ; 3.796,000 ; 1.33 ; 1.176,000 ; 104.564,000 ; 0.92 ; 5.54 ; 65.998,000 ; 2.213,000 ; 2.724,000 ; 3.694,000 ; 83.383,000 ; 33.743,000 ; 10.547,000 ; 0.115 ; 19.482,000 ; 15.417,000 ; 1.978,000 ; 0.796 ; 12.391,000 ; 10.659,000 ; 7.464,000 ; 9.72 ; 0.386 ; 1,432.46 ; 279.965,000 ; 87.412,000 ; 44.472,000 ; 5.179,000 ; 9.842,000 ; 59.118,000 ; 2.75 ; 124.04 ; 10.321,000 ; 19.793,000 ; 53.216,000 ; 0.128 ; 51.496,000 ; 1.764,000 ; 4.977,000 ; 7.077,000 ; 7.678,000 ; 1.882,000 ;; 2.164,000 ; 5.561,000 ; 6.913,000 ; 2.831,000 ; 0.661 ; 0.721 ; 30.594,000 ; 23.384,000 ; 33.934,000 ; 0.404 ; 22.795,000 ; 0.528 ; 0.057 ; 4.529,000 ; 1.261,000 ; 132.308,000 ; 0.105 ; 2.451,000 ; 3.562,000 ; 0.623 ; 37.37 ; 34.858,000 ; 54.506,000 ; 2.692,000 ; 0.014 ; 31.27 ; 17.765,000 ; 5.22 ; 6.746,000 ; 28.08 ; 227.713,000 ; 2.069,000 ; 5.513,000 ; 4.93 ; 236.167,000 ; 0.018 ; 4.51 ; 9.537,000 ; 7.656,000 ; 34.854,000 ; 114.527,000 ; 37.554,000 ; 10.222,000 ; 3.026,000 ; 2.591,000 ; 19.197,000 ; 145.046,000 ; 13.857,000 ; 0.204 ; 0.034 ; 0.237 ; 37.629,000 ; 18.661,000 ; 6.789,000 ; 0.101 ; 8.655,000 ; 5.287,000 ; 5.48 ; 2.116,000 ; 0.747 ; 16.501,000 ; 62.937,000 ; 15.448,000 ; 47.982,000 ; 22.882,000 ; 0.059 ; 0.186 ; 0.111 ; 49.14 ; 0.632 ; 10.91 ; 8.867,000 ;; 23.32 ; 10.188,000 ; 65.231,000 ; 70.266,000 ; 1.421,000 ; 9.136,000 ; 0.1 ; 1.428,000 ; 12.336,000 ; 87.649,000 ; 6.409,000 ; 0.011 ; 46.398,000 ;; 10.916,000 ; 68.082,000 ; 334.952,000 ; 3.578,000 ; 36.696,000 ; 0.345 ;; 101.137,000 ; 5.599,000 ; 32.901,000 ; 21.259,000 ; 16.481,000 
2025;; 2.84 ; 46.993,000 ; 0.086 ; 35.974,000 ; 0.105 ; 47.703,000 ; 2.963,000 ; 0.111 ; 26.959,000 ; 9.126,000 ; 10.614,000 ; 0.407 ; 1.613,000 ; 173.736,000 ; 0.292 ; 9.164,000 ; 11.758,000 ; 0.466 ; 13.95 ; 0.782 ; 12.45 ; 3.445,000 ; 2.607,000 ; 217.479,000 ; 0.43 ; 6.676,000 ; 24.136,000 ; 13.766,000 ; 0.591 ; 16.478,000 ; 30.032,000 ; 40.368,000 ; 5.338,000 ; 18.961,000 ; 20.482,000 ; 1,409.19 ; 53.217,000 ; 1.066,000 ; 106.552,000 ; 5.297,000 ; 5.392,000 ; 30.649,000 ; 3.966,000 ; 0.929 ; 10.553,000 ; 5.98 ; 1.056,000 ; 0.075 ; 10.914,000 ; 18.776,000 ; 110.516,000 ; 6.65 ; 1.637,000 ; 3.866,000 ; 1.329,000 ; 1.189,000 ; 106.237,000 ; 0.925 ; 5.539,000 ; 66.183,000 ; 2.239,000 ; 2.805,000 ; 3.681,000 ; 83.375,000 ; 34.605,000 ; 10.504,000 ; 0.116 ; 19.879,000 ; 15.803,000 ; 2.019,000 ; 0.799 ; 12.557,000 ; 10.846,000 ; 7.507,000 ; 9.717,000 ; 0.388 ; 1,445.01 ; 282.455,000 ; 88.286,000 ; 45.628,000 ; 5.227,000 ; 10.005,000 ; 59.1 ; 2.753,000 ; 123.43 ; 10.34 ; 20.001,000 ; 54.384,000 ; 0.13 ; 51.446,000 ; 1.762,000 ; 5.06 ; 7.227,000 ; 7.775,000 ; 1.878,000 ;; 2.19 ; 5.692,000 ; 6.982,000 ; 2.831,000 ; 0.67 ; 0.729 ; 31.444,000 ; 24.057,000 ; 34.331,000 ; 0.411 ; 23.481,000 ; 0.53 ; 0.057 ; 4.629,000 ; 1.261,000 ; 133.352,000 ; 0.106 ; 2.408,000 ; 3.61 ; 0.623 ; 37.712,000 ; 35.835,000 ; 54.789,000 ; 2.742,000 ; 0.014 ; 31.828,000 ; 17.815,000 ; 5.265,000 ; 6.816,000 ; 29.126,000 ; 233.343,000 ; 2.069,000 ; 5.546,000 ; 5.088,000 ; 240.875,000 ; 0.018 ; 4.566,000 ; 9.735,000 ; 7.758,000 ; 35.202,000 ; 115.942,000 ; 37.49 ; 10.197,000 ; 2.995,000 ; 2.565,000 ; 19.195,000 ; 144.781,000 ; 14.162,000 ; 0.205 ; 0.034 ; 0.242 ; 38.382,000 ; 19.173,000 ; 6.762,000 ; 0.102 ; 8.833,000 ; 5.318,000 ; 5.487,000 ; 2.115,000 ; 0.763 ; 16.963,000 ; 63.897,000 ; 15.896,000 ; 48.154,000 ; 23.13 ; 0.06 ; 0.187 ; 0.111 ; 50.418,000 ; 0.64 ; 11.001,000 ; 8.933,000 ;; 23.32 ; 10.36 ; 67.175,000 ; 70.329,000 ; 1.447,000 ; 9.362,000 ; 0.1 ; 1.435,000 ; 12.432,000 ; 88.606,000 ; 6.489,000 ; 0.011 ; 47.79 ;; 11.08 ; 68.305,000 ; 336.02 ; 3.589,000 ; 37.43 ; 0.357 ;; 101.951,000 ; 5.723,000 ; 33.561,000 ; 21.892,000 ; 16.79 
2026;; 2.831,000 ; 47.648,000 ; 0.088 ; 37.053,000 ; 0.106 ; 48.18 ; 2.964,000 ; 0.111 ; 27.282,000 ; 9.171,000 ; 10.741,000 ; 0.412 ; 1.646,000 ; 175.423,000 ; 0.292 ; 9.119,000 ; 11.798,000 ; 0.475 ; 14.342,000 ; 0.79 ; 12.635,000 ; 3.436,000 ; 2.661,000 ; 218.618,000 ; 0.43 ; 6.636,000 ; 24.838,000 ; 14.179,000 ; 0.598 ; 16.643,000 ; 30.759,000 ; 40.874,000 ; 5.454,000 ; 19.491,000 ; 20.67 ; 1,407.01 ; 53.732,000 ; 1.107,000 ; 110.02 ; 5.429,000 ; 5.446,000 ; 31.446,000 ; 3.978,000 ; 0.936 ; 10.552,000 ; 6.003,000 ; 1.069,000 ; 0.076 ; 11.01 ; 19.04 ; 112.727,000 ; 6.683,000 ; 1.683,000 ; 3.937,000 ; 1.327,000 ; 1.201,000 ; 107.937,000 ; 0.93 ; 5.537,000 ; 66.369,000 ; 2.264,000 ; 2.89 ; 3.668,000 ; 83.332,000 ; 35.49 ; 10.461,000 ; 0.116 ; 20.283,000 ; 16.198,000 ; 2.06 ; 0.801 ; 12.725,000 ; 11.037,000 ; 7.551,000 ; 9.713,000 ; 0.39 ; 1,457.31 ; 284.896,000 ; 89.169,000 ; 46.814,000 ; 5.275,000 ; 10.171,000 ; 59.079,000 ; 2.756,000 ; 122.795,000 ; 10.375,000 ; 20.211,000 ; 55.567,000 ; 0.132 ; 51.396,000 ; 1.76 ; 5.145,000 ; 7.372,000 ; 7.869,000 ; 1.874,000 ;; 2.216,000 ; 5.825,000 ; 7.052,000 ; 2.831,000 ; 0.68 ; 0.737 ; 32.319,000 ; 24.75 ; 34.718,000 ; 0.418 ; 24.186,000 ; 0.533 ; 0.058 ; 4.732,000 ; 1.261,000 ; 134.363,000 ; 0.106 ; 2.365,000 ; 3.679,000 ; 0.624 ; 38.05 ; 36.826,000 ; 55.054,000 ; 2.792,000 ; 0.014 ; 32.395,000 ; 17.865,000 ; 5.312,000 ; 6.887,000 ; 30.204,000 ; 239.073,000 ; 2.069,000 ; 5.58 ; 5.25 ; 245.676,000 ; 0.018 ; 4.621,000 ; 9.938,000 ; 7.862,000 ; 35.554,000 ; 117.34 ; 37.417,000 ; 10.171,000 ; 2.965,000 ; 2.54 ; 19.194,000 ; 144.483,000 ; 14.471,000 ; 0.206 ; 0.034 ; 0.257 ; 39.149,000 ; 19.7 ; 6.735,000 ; 0.102 ; 9.015,000 ; 5.345,000 ; 5.494,000 ; 2.113,000 ; 0.78 ; 17.438,000 ; 64.871,000 ; 16.357,000 ; 48.315,000 ; 23.38 ; 0.061 ; 0.188 ; 0.111 ; 51.729,000 ; 0.647 ; 11.088,000 ; 9,000 ;; 23.32 ; 10.53 ; 69.177,000 ; 70.372,000 ; 1.472,000 ; 9.594,000 ; 0.099 ; 1.442,000 ; 12.523,000 ; 89.544,000 ; 6.566,000 ; 0.011 ; 49.466,000 ;; 11.246,000 ; 68.512,000 ; 337.091,000 ; 3.6 ; 38.179,000 ; 0.369 ;; 102.725,000 ; 5.848,000 ; 34.218,000 ; 22.543,000 ; 17.095,000 
2027;; 2.821,000 ; 48.313,000 ; 0.089 ; 38.165,000 ; 0.108 ; 48.662,000 ; 2.964,000 ; 0.111 ; 27.61 ; 9.217,000 ; 10.87 ; 0.416 ; 1.68 ; 177.07 ; 0.293 ; 9.073,000 ; 11.837,000 ; 0.485 ; 14.745,000 ; 0.797 ; 12.823,000 ; 3.426,000 ; 2.716,000 ; 221.948,000 ; 0.43 ; 6.596,000 ; 25.56 ; 14.605,000 ; 0.605 ; 16.809,000 ; 31.496,000 ; 41.368,000 ; 5.572,000 ; 20.03 ; 20.859,000 ; 1,404.30 ; 54.253,000 ; 1.149,000 ; 113.605,000 ; 5.565,000 ; 5.501,000 ; 32.264,000 ; 3.99 ; 0.943 ; 10.549,000 ; 6.026,000 ; 1.081,000 ; 0.076 ; 11.106,000 ; 19.307,000 ; 114.981,000 ; 6.716,000 ; 1.73 ; 4.01 ; 1.326,000 ; 1.214,000 ; 109.664,000 ; 0.935 ; 5.534,000 ; 66.555,000 ; 2.289,000 ; 2.977,000 ; 3.654,000 ; 83.276,000 ; 36.397,000 ; 10.418,000 ; 0.117 ; 20.696,000 ; 16.603,000 ; 2.103,000 ; 0.804 ; 12.896,000 ; 11.231,000 ; 7.595,000 ; 9.71 ; 0.393 ; 1,469.34 ; 287.285,000 ; 90.061,000 ; 48.032,000 ; 5.323,000 ; 10.34 ; 59.054,000 ; 2.759,000 ; 122.136,000 ; 10.426,000 ; 20.413,000 ; 56.765,000 ; 0.134 ; 51.346,000 ; 1.758,000 ; 5.23 ; 7.527,000 ; 7.961,000 ; 1.871,000 ;; 2.243,000 ; 5.959,000 ; 7.122,000 ; 2.831,000 ; 0.689 ; 0.742 ; 33.217,000 ; 25.463,000 ; 35.096,000 ; 0.425 ; 24.913,000 ; 0.535 ; 0.058 ; 4.837,000 ; 1.261,000 ; 135.381,000 ; 0.106 ; 2.323,000 ; 3.748,000 ; 0.624 ; 38.381,000 ; 37.831,000 ; 55.301,000 ; 2.843,000 ; 0.015 ; 32.973,000 ; 17.915,000 ; 5.358,000 ; 6.959,000 ; 31.315,000 ; 244.902,000 ; 2.069,000 ; 5.613,000 ; 5.418,000 ; 250.573,000 ; 0.018 ; 4.677,000 ; 10.146,000 ; 7.966,000 ; 35.91 ; 118.72 ; 37.342,000 ; 10.145,000 ; 2.936,000 ; 2.514,000 ; 19.192,000 ; 144.185,000 ; 14.786,000 ; 0.208 ; 0.035 ; 0.262 ; 39.932,000 ; 20.241,000 ; 6.708,000 ; 0.103 ; 9.201,000 ; 5.371,000 ; 5.5 ; 2.112,000 ; 0.797 ; 17.926,000 ; 65.861,000 ; 16.832,000 ; 48.466,000 ; 23.633,000 ; 0.061 ; 0.189 ; 0.112 ; 53.074,000 ; 0.655 ; 11.169,000 ; 9.068,000 ;; 23.32 ; 10.698,000 ; 71.239,000 ; 70.394,000 ; 1.498,000 ; 9.832,000 ; 0.099 ; 1.448,000 ; 12.609,000 ; 90.46 ; 6.641,000 ; 0.011 ; 51.696,000 ;; 11.414,000 ; 68.702,000 ; 338.166,000 ; 3.611,000 ; 38.942,000 ; 0.382 ;; 103.46 ; 5.973,000 ; 34.873,000 ; 23.21 ; 17.407,000 
